group,measurement
A,10.323382746579734
A,10.110409114118644
A,9.681132222005116
B,2.0262747989026604
B,2.022688654866137
C,5.0
D,9.870203486434683
D,9.29961816267694
D,9.837882584284163
D,10.282337141519866
